symbol,ensembl_id,aliases,type,chrom,start,end,assembly,location_label,clinvar_pathogenic,clinvar_likely_pathogenic,clinvar_plp,top_tissue_zh,top_tissue_en,alphafold_url,data_as_of,edition,sources,deck_zh,deck_en
TP53,ENSG00000141510,BCC7;BMFS5;LFS1;P53;TRP53,protein_coding,17,7661779,7687546,GRCh38,17p13.1,1020,427,1447,淋巴细胞,Cells - EBV-transformed lymphocytes,https://alphafold.ebi.ac.uk/entry/P04637,2026-09-30,0.3.3-p39,MyGene.info|https://mygene.info|v3; queried 2026-09-29|high;Ensembl / GRCh38 via MyGene|https://www.ensembl.org|GRCh38|high;KEGG via MyGene|https://www.kegg.jp|via MyGene pathway.kegg|medium;AlphaFold DB|https://alphafold.ebi.ac.uk/entry/P04637|2026-09-30; entry by UniProt; local CA-trace preview|high;ClinVar|https://www.ncbi.nlm.nih.gov/clinvar/|2026-09-29; esearch count by gene+clinsig|high;GTEx|https://gtexportal.org|2026-09-29; GTEx Portal API v2 medianGeneExpression|high;UniProt domains|https://www.uniprot.org/uniprotkb/P04637|2026-09-30; Swiss-Prot features (Domain/Region/…)|high;UCSC cytoBandIdeo|https://hgdownload.soe.ucsc.edu/goldenPath/hg38/database/cytoBandIdeo.txt.gz|hg38 / GRCh38; 2026-09-30|high,TP53 编码肿瘤抑制蛋白 p53，在 DNA 损伤应答与细胞周期检查点中扮演核心角色。突变在多种人类癌症中极为常见，是分子肿瘤学教学中的经典范例。本条目汇总其基因组位置、代表性通路与表达概貌，供科研与教学查阅。,"TP53 encodes the tumor suppressor protein p53, a central player in DNA-damage response and cell-cycle checkpoints. Mutations in TP53 are among the most frequent alterations across human cancers and a classic case study in molecular oncology teaching. This entry summarizes genomic location, representative pathways, and expression overview for research and classroom use."
BRCA1,ENSG00000012048,BRCAI;BRCC1;BROVCA1;FANCS;IRIS;PNCA4;PPP1R53;PSCP;RNF53,protein_coding,17,43044292,43170245,GRCh38,17q21.31,4381,575,4956,淋巴细胞,Cells - EBV-transformed lymphocytes,https://alphafold.ebi.ac.uk/entry/P38398,2026-09-30,0.3.3-p39,MyGene.info|https://mygene.info|v3; queried 2026-09-29|high;Ensembl / GRCh38 via MyGene|https://www.ensembl.org|GRCh38|high;KEGG via MyGene|https://www.kegg.jp|via MyGene pathway.kegg|medium;AlphaFold DB|https://alphafold.ebi.ac.uk/entry/P38398|2026-09-30; entry by UniProt; local CA-trace preview|high;ClinVar|https://www.ncbi.nlm.nih.gov/clinvar/|2026-09-29; esearch count by gene+clinsig|high;GTEx|https://gtexportal.org|2026-09-29; GTEx Portal API v2 medianGeneExpression|high;UniProt domains|https://www.uniprot.org/uniprotkb/P38398|2026-09-30; Swiss-Prot features (Domain/Region/…)|high;UCSC cytoBandIdeo|https://hgdownload.soe.ucsc.edu/goldenPath/hg38/database/cytoBandIdeo.txt.gz|hg38 / GRCh38; 2026-09-30|high,BRCA1 参与同源重组修复与基因组稳定性维护，是遗传性乳腺癌与卵巢癌相关基因研究的重要对象。其蛋白与多种 DNA 修复复合体相互作用。本条目提供身份、通路与表达等结构化概览，不构成临床解读。,"BRCA1 contributes to homologous recombination repair and genome stability, and remains a major focus of hereditary breast and ovarian cancer genetics. The protein interacts with multiple DNA-repair complexes. This entry offers a structured overview of identity, pathways, and expression—not a clinical interpretation."
BRCA2,ENSG00000139618,BRCC2;BROVCA2;FACD;FAD;FAD1;FANCD;FANCD1;GLM3;PNCA2;XRCC11,protein_coding,13,32315086,32400268,GRCh38,13q13.1,5610,798,6408,淋巴细胞,Cells - EBV-transformed lymphocytes,https://alphafold.ebi.ac.uk/entry/P51587,2026-09-30,0.3.3-p39,MyGene.info|https://mygene.info|v3; queried 2026-09-29|high;Ensembl / GRCh38 via MyGene|https://www.ensembl.org|GRCh38|high;KEGG via MyGene|https://www.kegg.jp|via MyGene pathway.kegg|medium;AlphaFold DB|https://alphafold.ebi.ac.uk/entry/P51587|2026-09-30; entry by UniProt; preview unavailable|high;ClinVar|https://www.ncbi.nlm.nih.gov/clinvar/|2026-09-29; esearch count by gene+clinsig|high;GTEx|https://gtexportal.org|2026-09-29; GTEx Portal API v2 medianGeneExpression|high;UniProt domains|https://www.uniprot.org/uniprotkb/P51587|2026-09-30; Swiss-Prot features (Domain/Region/…)|high;UCSC cytoBandIdeo|https://hgdownload.soe.ucsc.edu/goldenPath/hg38/database/cytoBandIdeo.txt.gz|hg38 / GRCh38; 2026-09-30|high,BRCA2 在同源重组介导的双链断裂修复中发挥关键作用，与 BRCA1 同属高关注的遗传易感相关基因。本条目整理其基因组坐标、KEGG 通路与表达占位信息，面向科研与教学场景。,"BRCA2 plays a key role in homologous recombination–mediated double-strand break repair and, like BRCA1, is a high-interest hereditary susceptibility gene in research settings. This entry collates genomic coordinates, KEGG pathways, and expression snapshots for research and teaching."
EGFR,ENSG00000146648,ERBB;ERBB1;ERRP;HER1;NISBD2;NNCIS;PIG61;mENA,protein_coding,7,55018820,55211628,GRCh38,7p11.2,75,46,121,皮肤（日照）,Skin - Sun Exposed (Lower leg),https://alphafold.ebi.ac.uk/entry/P00533,2026-09-30,0.3.3-p39,MyGene.info|https://mygene.info|v3; queried 2026-09-29|high;Ensembl / GRCh38 via MyGene|https://www.ensembl.org|GRCh38|high;KEGG via MyGene|https://www.kegg.jp|via MyGene pathway.kegg|medium;AlphaFold DB|https://alphafold.ebi.ac.uk/entry/P00533|2026-09-30; entry by UniProt; local CA-trace preview|high;ClinVar|https://www.ncbi.nlm.nih.gov/clinvar/|2026-09-29; esearch count by gene+clinsig|high;GTEx|https://gtexportal.org|2026-09-29; GTEx Portal API v2 medianGeneExpression|high;UniProt domains|https://www.uniprot.org/uniprotkb/P00533|2026-09-30; Swiss-Prot features (Domain/Region/…)|high;UCSC cytoBandIdeo|https://hgdownload.soe.ucsc.edu/goldenPath/hg38/database/cytoBandIdeo.txt.gz|hg38 / GRCh38; 2026-09-30|high,EGFR 编码表皮生长因子受体，是受体酪氨酸激酶信号通路的关键节点，广泛见于发育与多种上皮组织研究。靶向 EGFR 的机制研究在肿瘤生物学中占有重要地位。本条目为结构化信息摘要。,"EGFR encodes the epidermal growth factor receptor, a pivotal receptor tyrosine kinase node in developmental biology and epithelial tissue studies. Mechanistic work on EGFR occupies a major place in cancer biology. This entry is a structured information abstract."
KRAS,ENSG00000133703,'C-K-RAS;C-K-RAS;CFC2;K-RAS2A;K-RAS2B;K-RAS4A;K-RAS4B;K-Ras;K-Ras 2;KI-RAS;KRAS1;KRAS2;NS;NS3;OES;RALD;RALD2;RASK2;c-Ki-ras;c-Ki-ras2,protein_coding,12,25205246,25326473,GRCh38,12p12.1,92,67,159,胫神经,Nerve - Tibial,https://alphafold.ebi.ac.uk/entry/P01116,2026-09-30,0.3.3-p39,MyGene.info|https://mygene.info|v3; queried 2026-09-29|high;Ensembl / GRCh38 via MyGene|https://www.ensembl.org|GRCh38|high;KEGG via MyGene|https://www.kegg.jp|via MyGene pathway.kegg|medium;AlphaFold DB|https://alphafold.ebi.ac.uk/entry/P01116|2026-09-30; entry by UniProt; local CA-trace preview|high;ClinVar|https://www.ncbi.nlm.nih.gov/clinvar/|2026-09-29; esearch count by gene+clinsig|high;GTEx|https://gtexportal.org|2026-09-29; GTEx Portal API v2 medianGeneExpression|high;UniProt domains|https://www.uniprot.org/uniprotkb/P01116|2026-09-30; Swiss-Prot features (Domain/Region/…)|high;UCSC cytoBandIdeo|https://hgdownload.soe.ucsc.edu/goldenPath/hg38/database/cytoBandIdeo.txt.gz|hg38 / GRCh38; 2026-09-30|high,KRAS 属于 RAS 小 GTP 酶家族，传导生长因子相关信号并调控增殖与分化。点突变在多种实体瘤研究中被反复讨论。本条目汇总位置、通路与表达占位数据，供教学参考。,"KRAS belongs to the RAS small GTPase family, transmitting growth-factor–related signals that regulate proliferation and differentiation. Point mutations are repeatedly discussed across solid-tumor research. This entry summarizes location, pathways, and expression snapshots for teaching reference."
APOE,ENSG00000130203,AD2;APO-E;ApoE4;LDLCQ5;LPG,protein_coding,19,44903787,44909396,GRCh38,19q13.32,26,10,36,肾上腺,Adrenal Gland,https://alphafold.ebi.ac.uk/entry/P02649,2026-09-30,0.3.3-p39,MyGene.info|https://mygene.info|v3; queried 2026-09-29|high;Ensembl / GRCh38 via MyGene|https://www.ensembl.org|GRCh38|high;KEGG via MyGene|https://www.kegg.jp|via MyGene pathway.kegg|medium;AlphaFold DB|https://alphafold.ebi.ac.uk/entry/P02649|2026-09-30; entry by UniProt; local CA-trace preview|high;ClinVar|https://www.ncbi.nlm.nih.gov/clinvar/|2026-09-29; esearch count by gene+clinsig|high;GTEx|https://gtexportal.org|2026-09-29; GTEx Portal API v2 medianGeneExpression|high;UniProt domains|https://www.uniprot.org/uniprotkb/P02649|2026-09-30; Swiss-Prot features (Domain/Region/…)|high;UCSC cytoBandIdeo|https://hgdownload.soe.ucsc.edu/goldenPath/hg38/database/cytoBandIdeo.txt.gz|hg38 / GRCh38; 2026-09-30|high,APOE 编码载脂蛋白 E，参与脂质转运与胆固醇代谢，在肝脏与中枢神经系统中表达较高。其等位基因分型在人群遗传学与神经退行性疾病研究中常被引用。本条目仅提供科研/教学信息。,"APOE encodes apolipoprotein E, which participates in lipid transport and cholesterol metabolism and shows higher expression in liver and the central nervous system. Its allele typing is frequently cited in population genetics and neurodegeneration research. This entry provides research and teaching information only."
CFTR,ENSG00000001626,ABC35;ABCC7;CF;CFTR/MRP;MRP7;TNR-CFTR;dJ760C5.1,protein_coding,7,117287120,117715971,GRCh38,7q31.2,1291,685,1976,胰腺,Pancreas,https://alphafold.ebi.ac.uk/entry/P13569,2026-09-30,0.3.3-p39,MyGene.info|https://mygene.info|v3; queried 2026-09-29|high;Ensembl / GRCh38 via MyGene|https://www.ensembl.org|GRCh38|high;KEGG via MyGene|https://www.kegg.jp|via MyGene pathway.kegg|medium;AlphaFold DB|https://alphafold.ebi.ac.uk/entry/P13569|2026-09-30; entry by UniProt; local CA-trace preview|high;ClinVar|https://www.ncbi.nlm.nih.gov/clinvar/|2026-09-29; esearch count by gene+clinsig|high;GTEx|https://gtexportal.org|2026-09-29; GTEx Portal API v2 medianGeneExpression|high;UniProt domains|https://www.uniprot.org/uniprotkb/P13569|2026-09-30; Swiss-Prot features (Domain/Region/…)|high;UCSC cytoBandIdeo|https://hgdownload.soe.ucsc.edu/goldenPath/hg38/database/cytoBandIdeo.txt.gz|hg38 / GRCh38; 2026-09-30|high,CFTR 编码氯离子通道蛋白，突变与囊性纤维化相关机制研究密切相关。该基因在胰腺、呼吸道与肠道上皮中的表达具有组织特异性。本条目整理公开数据库中的身份与通路概览。,"CFTR encodes a chloride channel protein; its mutations are closely tied to cystic fibrosis mechanism research. Expression shows tissue specificity in pancreas, airway, and intestinal epithelium. This entry collates identity and pathway overviews from public databases."
HBB,ENSG00000244734,CD113t-C;ECYT6;beta-globin,protein_coding,11,5225464,5229395,GRCh38,11p15.4,425,128,553,全血,Whole Blood,https://alphafold.ebi.ac.uk/entry/P68871,2026-09-30,0.3.3-p39,MyGene.info|https://mygene.info|v3; queried 2026-09-29|high;Ensembl / GRCh38 via MyGene|https://www.ensembl.org|GRCh38|high;KEGG via MyGene|https://www.kegg.jp|via MyGene pathway.kegg|medium;AlphaFold DB|https://alphafold.ebi.ac.uk/entry/P68871|2026-09-30; entry by UniProt; local CA-trace preview|high;ClinVar|https://www.ncbi.nlm.nih.gov/clinvar/|2026-09-29; esearch count by gene+clinsig|high;GTEx|https://gtexportal.org|2026-09-29; GTEx Portal API v2 medianGeneExpression|high;UniProt domains|https://www.uniprot.org/uniprotkb/P68871|2026-09-30; Swiss-Prot features (Domain/Region/…)|medium;UCSC cytoBandIdeo|https://hgdownload.soe.ucsc.edu/goldenPath/hg38/database/cytoBandIdeo.txt.gz|hg38 / GRCh38; 2026-09-30|high,HBB 编码血红蛋白 β 链，是红细胞携氧功能的核心组分。其变异谱在血红蛋白病与群体遗传学教学中具有代表性。本条目提供基因组位置、通路与全血高表达等概貌信息。,"HBB encodes the hemoglobin β chain, a core component of erythrocyte oxygen transport. Its variant spectrum is representative in hemoglobinopathy and population-genetics teaching. This entry outlines genomic location, pathways, and high whole-blood expression."
APP,ENSG00000142192,AAA;ABETA;ABPP;AD1;APPI;CTFgamma;CVAP;PN-II;PN2;alpha-sAPP;preA4,protein_coding,21,25880535,26171128,GRCh38,21q21.3,88,13,101,额叶皮层,Brain - Frontal Cortex (BA9),https://alphafold.ebi.ac.uk/entry/P05067,2026-09-30,0.3.3-p39,MyGene.info|https://mygene.info|v3; queried 2026-09-29|high;Ensembl / GRCh38 via MyGene|https://www.ensembl.org|GRCh38|high;KEGG via MyGene|https://www.kegg.jp|via MyGene pathway.kegg|medium;AlphaFold DB|https://alphafold.ebi.ac.uk/entry/P05067|2026-09-30; entry by UniProt; local CA-trace preview|high;ClinVar|https://www.ncbi.nlm.nih.gov/clinvar/|2026-09-29; esearch count by gene+clinsig|high;GTEx|https://gtexportal.org|2026-09-29; GTEx Portal API v2 medianGeneExpression|high;UniProt domains|https://www.uniprot.org/uniprotkb/P05067|2026-09-30; Swiss-Prot features (Domain/Region/…)|high;UCSC cytoBandIdeo|https://hgdownload.soe.ucsc.edu/goldenPath/hg38/database/cytoBandIdeo.txt.gz|hg38 / GRCh38; 2026-09-30|high,APP 编码淀粉样前体蛋白，经酶切可产生 Aβ 肽段，是阿尔茨海默病分子机制研究中的关键分子之一。本条目汇总其在脑组织中的表达占位与相关通路，面向科研与教学。,"APP encodes amyloid precursor protein; proteolytic cleavage can yield Aβ peptides, making it a key molecule in Alzheimer disease mechanism research. This entry summarizes brain-tissue expression snapshots and related pathways for research and teaching."
MYC,ENSG00000136997,MRTL;MYCC;bHLHe39;c-Myc,protein_coding,8,127735434,127742951,GRCh38,8q24.21,56,2,58,皮肤（非日照）,Skin - Not Sun Exposed (Suprapubic),https://alphafold.ebi.ac.uk/entry/P01106,2026-09-30,0.3.3-p39,MyGene.info|https://mygene.info|v3; queried 2026-09-29|high;Ensembl / GRCh38 via MyGene|https://www.ensembl.org|GRCh38|high;KEGG via MyGene|https://www.kegg.jp|via MyGene pathway.kegg|medium;AlphaFold DB|https://alphafold.ebi.ac.uk/entry/P01106|2026-09-30; entry by UniProt; local CA-trace preview|high;ClinVar|https://www.ncbi.nlm.nih.gov/clinvar/|2026-09-29; esearch count by gene+clinsig|high;GTEx|https://gtexportal.org|2026-09-29; GTEx Portal API v2 medianGeneExpression|high;UniProt domains|https://www.uniprot.org/uniprotkb/P01106|2026-09-30; Swiss-Prot features (Domain/Region/…)|high;UCSC cytoBandIdeo|https://hgdownload.soe.ucsc.edu/goldenPath/hg38/database/cytoBandIdeo.txt.gz|hg38 / GRCh38; 2026-09-30|high,MYC 编码转录因子 c-Myc，广泛调控细胞生长、代谢与增殖相关基因表达。染色体易位与扩增在多种肿瘤模型中被研究。本条目提供身份、通路与表达占位摘要。,"MYC encodes the transcription factor c-Myc, which broadly regulates genes involved in cell growth, metabolism, and proliferation. Chromosomal translocations and amplifications are studied across many tumor models. This entry provides an identity, pathway, and expression abstract."
